01	عَم تِدْفَع عَلى الإعْلانات، وْما عَم تْجيب نَتايِج؟	1.18
02	مُمْكِن تْكون عَم تَعْمِل واحَد مِن هالأَخْطاء التْلاتِة.
03	أَوَّل خَطَأ: إعْلان بِدون هوك قَوي.
04	إذا أَوَّل ثانيتَين ما شَدّوا اِنْتِباهْ الشَّخِص، رَح يْكَمِّل سْكْرول.
05	تاني خَطَأ: بْتِحْكي عَن مُنْتَجَك، بَدَل مُشْكِلِةْ العَميل.
06	النّاس، ما بيهِمّها بَس شو بِتْبيع...
07	بيهِمّها كيف رَح تْحِلّ مُشْكِلِتْها.
08	تالِت خَطَأ: سي تي إيه ضَعيف، أَو مِش واضِح.
09	إذا الشَّخِص ما عِرِف شو لازِم يَعْمِل، بَعِد ما يْشوف الإعْلان، غالِباً ما رَح يَعْمِل شي.
10	الإعْلان النّاجِح، مِش بَس يوَصِّل لِلنّاس...	1.12
11	بِيْخَلّيهُم يِتْحَرَّكوا.	1.0
