01a	Some brands spent millions...
01b	changing this.
02	Pepsi's 2008 logo redesign was reported at around one million dollars.
03	The BBC's 1997 identity change was estimated at around one point seven million pounds a year, over its implementation period.
04	And Accenture's transformation, from Andersen Consulting to Accenture, has been reported at around one hundred million dollars.
06a	But why?
06b	Why would a company spend that much, just to change how it looks?
07a	Because they're not just changing a logo.
07b	They're changing how the business is recognized, positioned, and perceived.
08	Look at the world's strongest brands.
09a	They don't treat identity as decoration.
09b	They treat it as an asset.
10a	Because a brand isn't a logo.
10b	It's the system people experience, every time they interact with you.
11a	The logo is what they see.
11b	The identity is the system.
11c	And the brand is what they remember.
12	That's what makes branding worth investing in.
